Park,Date of Review,"Rating 1,3,5,4",Total Number of Reviews,Aggregate,"State,USA only ",Country,Age,Gender(M or F),"Relationship ,Married  or Single",Occupation,Top Activity,Season,,,,,,,,,,,,,,
"Joshua Tree National Park, California","Apr 22,2017",5,44,4.99,,USA,38,M,Married,Engg,Hidden Valley,Spring,,,,,,,,,,,,,,
"Joshua Tree National Park, California","Mar 29,2017",5,44,4.99,Missori,USA,38,M,Married,Engg,Hidden Valley,Spring,,,,,,,,,,,,,,
"Joshua Tree National Park, California","Mar 12,2017",5,44,4.99,California,USA,38,F,Married,Engg,Hidden Valley,Spring,,,,,,,,,,,,,,
"Joshua Tree National Park, California","May 12,2018",5,4,4.99,Utah,USA,38,M,Single,Engg,Hidden Valley,Spring,,,,,,,,,,,,,,
"Joshua Tree National Park, California","Apr 4,2017",5,4,4.99,Minnasota,USA,38,M,Single,Engg,Hidden Valley,Spring,,,,,,,,,,,,,,
"Grand Canyon National Park, Arizona","May 29,2017",5,306,4.99,North Carolina,USA,38,M,Married,Engg,Red Rock Scooter Tours,Spring,,,,,,,,,,,,,,
"Grand Canyon National Park, Arizona","May 23,2017",5,306,4.99,Pennsylvania,USA,38,M,Married,Engg,Red Rock Scooter Tours,Spring,,,,,,,,,,,,,,
"Grand Canyon National Park, Arizona","May 16,2017",5,306,4.99,Iowa,USA,38,F,Married,Engg,Red Rock Scooter Tours,Spring,,,,,,,,,,,,,,
"Grand Canyon National Park, Arizona","Apr 25,2017",5,47,4.99,Kansas,USA,38,F,Single,Engg,Red Rock Scooter Tours,Spring,,,,,,,,,,,,,,
"Grand Canyon National Park, Arizona","Apr 3,2017",5,47,4.99,Tennessee,USA,38,F,Single,Engg,Red Rock Scooter Tours,Spring,,,,,,,,,,,,,,
"Greaty Smoky Mountains National Park, North Carolina and Tenneesse","May 30,2017",4.55,103,4.5,Texas,USA,38,M,Married,Engg,Roaring Fork Motor Trail,Spring,,,,,,,,,,,,,,
"Greaty Smoky Mountains National Park, North Carolina and Tenneesse","May 24,2017",5,105,4.5,Georgia,USA,38,F,Married,Engg,Roaring Fork Motor Trail,Spring,,,,,,,,,,,,,,
"Greaty Smoky Mountains National Park, North Carolina and Tenneesse","May 1,2017",5,105,4.5,Ohio,USA,38,F,Married,Engg,Roaring Fork Motor Trail,Spring,,,,,,,,,,,,,,
"Greaty Smoky Mountains National Park, North Carolina and Tenneesse","Apr 26,2017",5,105,4.5,Louisiana,USA,38,F,Married,Engg,Roaring Fork Motor Trail,Spring,,,,,,,,,,,,,,
"Greaty Smoky Mountains National Park, North Carolina and Tenneesse","May 4,2017",5,6,4.99,North Carolina,USA,38,M,Single,Engg,Roaring Fork Motor Trail,Spring,,,,,,,,,,,,,,
"Death Valley National Park, California","May 27,2017",5,138,4.99,Washington,USA,38,M,Married,Engg,Bad Water(Lowest pint in North America,Spring,,,,,,,,,,,,,,
"Death Valley National Park, California","Apr 29,2017",4.5,138,4.99,texas,USA,38,F,Married,Engg,Bad Water(Lowest pint in North America,Spring,,,,,,,,,,,,,,
"Death Valley National Park, California","Apr 26,2017",5,138,4.99,New Jersey,USA,38,M,Married,Engg,Bad Water(Lowest pint in North America,Spring,,,,,,,,,,,,,,
"Death Valley National Park, California","Apr 135,2017",5,13,4.99,Wyoming,USA,38,M,Single,Engg,Bad Water(Lowest pint in North America,Spring,,,,,,,,,,,,,,
"Death Valley National Park, California","May 29,2017",5,13,4.99,Pennsylvania,USA,38,F,Single,Engg,Bad Water(Lowest pint in North America,Spring,,,,,,,,,,,,,,
"Capitol Reef National Park, Utah","May 21,2017",5,100,4.99,California,USA,38,M,Married,Engg,Capitol Reef National Park,Spring,,,,,,,,,,,,,,
"Capitol Reef National Park, Utah","May 21,2017",5,100,4.99,Wisconsin,USA,38,F,Married,Engg,Capitol Reef National Park,Spring,,,,,,,,,,,,,,
"Capitol Reef National Park, Utah","May 15,2017",5,100,4.99,Indiana,USA,38,M,Married,Engg,Capitol Reef National Park,Spring,,,,,,,,,,,,,,
"Capitol Reef National Park, Utah","May 31,2017",5,14,4.99,California,USA,38,F,Single,Engg,Capitol Reef National Park,Spring,,,,,,,,,,,,,,
"Capitol Reef National Park, Utah","May 11,2017",5,14,4.99,California,USA,38,M,single,Engg,Capitol Reef National Park,Spring,,,,,,,,,,,,,,
"Yellowstone National Park, Wyoming","May 30,2017",5,39,4.99,Michigan,USA,38,F,Married,Engg,Yellowstone Lake ,Spring,,,,,,,,,,,,,,
"Yellowstone National Park, Wyoming","May 29,2017",5,39,4.99,Georgia,USA,38,F,Married,Engg,Yellowstone Lake ,Spring,,,,,,,,,,,,,,
"Yellowstone National Park, Wyoming","May 28,2017",5,39,4.99,Florida,USA,38,M,Married,Engg,Yellowstone Lake ,Spring,,,,,,,,,,,,,,
"Yellowstone National Park, Wyoming","May 30,2017",3,4,2.99,South Carolina,USA,38,M,Married,Engg,Yellowstone Lake ,Spring,,,,,,,,,,,,,,
"Yellowstone National Park, Wyoming","May 26,2017",5,39,4.99,Oregon,USA,38,F,Married,Engg,Yellowstone Lake ,Spring,,,,,,,,,,,,,,
"Shenandoah National Park, Virginia","May 20,2017",5,136,4.99,Tennessee,USA,38,F,Married,Engg,Skyline Drive ,Spring,,,,,,,,,,,,,,
"Shenandoah National Park, Virginia","May 14,2017",5,136,4.99,Virginia,USA,38,M,Married,Engg,Skyline Drive ,Spring,,,,,,,,,,,,,,
"Shenandoah National Park, Virginia","May 12,2017",5,136,4.99,Texas,USA,38,F,Married,Engg,Skyline Drive ,Spring,,,,,,,,,,,,,,
"Shenandoah National Park, Virginia","May 30,2017",5,20,4.99,Illinois,USA,38,F,Single,Engg,Skyline Drive ,Spring,,,,,,,,,,,,,,
"Shenandoah National Park, Virginia","May 25,2017",5,20,4.99,Virginia,USA,38,F,Single,Engg,Skyline Drive ,Spring,,,,,,,,,,,,,,
"Yosemite National Park, California","May 23,2017",5,472,4.99,California,USA,38,M,Married,Engg,Glacier Point,Spring,,,,,,,,,,,,,,
"Yosemite National Park, California","May 22,2017",5,472,4.99,North Carolina,USA,38,F,Married,Engg,Glacier Point,Spring,,,,,,,,,,,,,,
"Yosemite National Park, California","May 21,2017",5,472,4.99,California,USA,38,F,Married,Engg,Glacier Point,Spring,,,,,,,,,,,,,,
"Yosemite National Park, California","Mar 22,2017",5,79,4.99,New york,USA,38,M,Single,Engg,Glacier Point,Spring,,,,,,,,,,,,,,
"Yosemite National Park, California","Mar 7,2017",5,79,4.99,California,USA,38,M,Single,Engg,Glacier Point,Spring,,,,,,,,,,,,,,
"Saguaro National Park, Arizona","Mar 4,2018",5,70,4.99,Illinois,USA,38,F,Married,Engg,Saguaro National Park,Spring,,,,,,,,,,,,,,
"Saguaro National Park, Arizona","Mar 4,2018",5,70,4.99,California,USA,38,F,Married,Engg,Saguaro National Park,Spring,,,,,,,,,,,,,,
"Saguaro National Park, Arizona","Mar 5,2018",5,70,4.99,Massachusetts,USA,38,F,Married,Engg,Saguaro National Park,Spring,,,,,,,,,,,,,,
"Saguaro National Park, Arizona","Mar 12,2017",5,22,4.99,California,USA,38,M,Single,Engg,Saguaro National Park,Spring,,,,,,,,,,,,,,
"Saguaro National Park, Arizona","Apr 1,2017",5,22,4.99,New york,USA,38,M,Single,Engg,Saguaro National Park,Spring,,,,,,,,,,,,,,
"Big Bend National Park, Texas","May 29,2017",5,144,4.99,New Mexico,USA,38,F,Married,Engg,Big bend National Park,Spring,,,,,,,,,,,,,,
"Big Bend National Park, Texas","May 19,2017",5,144,4.99,Texas,USA,38,F,Married,Engg,Big bend National Park,Spring,,,,,,,,,,,,,,
"Big Bend National Park, Texas","May 2,2017",5,144,4.99,Texas,USA,38,M,Married,Engg,Big bend National Park,Spring,,,,,,,,,,,,,,
"Big Bend National Park, Texas","May 29,2017",5,58,4.99,Texas,USA,38,M,Single,Engg,Big bend National Park,Spring,,,,,,,,,,,,,,
"Big Bend National Park, Texas","Mar 12,2017",5,58,4.99,Texas,USA,38,M,Single,Engg,Big bend National Park,Spring,,,,,,,,,,,,,,