Park,Date of Review,"Rating 1,3,5,4",Total Number of Reviews,Aggregate,"State,USA only ",Country,Age,Gender(M or F),"Relationship ,Married  or Single",Occupation,Top Activity,Season
Crater Lake National Park,"Aug 25,2017",5,"1,125",4.99,Washington,USA,38,M,Married,Engg,Crater Lake,Summer
Crater Lake National Park,"Aug 25,2017",5,"1,125","4,99",Texas,USA,38,F,Married,Engg,Crater Lake,Summer
Crater Lake National Park,"Aug 22,2017",5,"1,125",4.99,Oregon,USA,38,F,Married,Engg,Crater Lake,Summer
Crater Lake National Park,"july 12,2017",5,57,4.99,Massachsetts,USA,38,M,Single,Engg,Crater Lake,Summer
Crater Lake National Park,"July 8,2017",5,57,4.99,Tennesse,USA,38,M,Single,Engg,Crater Lake,Summer
"Acadia National Park, Maine","Aug 27,2017",5,546,4.99,Indiana,USA,38,M,Married,Engg,Cadillac Mountain,Summer
"Acadia National Park, Maine","Aug 24,2017",5,546,4.99,Indiana,USA,38,F,Married,Engg,Cadillac Mountain,Summer
"Acadia National Park, Maine","Aug 22,2017",5,546,4.99,West virginia,USA,38,F,Married,Engg,Cadillac Mountain,Summer
"Acadia National Park, Maine","july 7,2017",5,37,4.99,Pennsylvenia,USA,38,M,Single,Engg,Cadillac Mountain,Summer
"Acadia National Park, Maine","Jun 6,2017",5,37,4.99,Maryland,USA,38,M,Single,Engg,Cadillac Mountain,Summer
Kenai Fjords National Park,"Aug 4,2017",5,359,4.99,Ohio,USA,38,F,Married,Engg,Kenai Fjoyds ,Summer
Kenai Fjords National Park,"Aug 17,2017",5,359,4.99,Florida,USA,38,F,Married,Engg,Kenai Fjoyds ,Summer
Kenai Fjords National Park,"July 31,2017",5,359,4.99,Washington,USA,38,M,Married,Engg,Kenai Fjoyds ,Summer
Kenai Fjords National Park,"july 13,2017",5,38,4.99,Massachsetts,USA,38,F,Single,Engg,Kenai Fjoyds ,Summer
Kenai Fjords National Park,"jun21,2017",5,38,4.99,Arizona,USA,38,F,Single,Engg,Kenai Fjoyds ,Summer
Sequoia National Park,"jun 30,2017",5,148,4.99,Indiana,USA,38,F,Married,Engg,Giant Forests,Summer
Sequoia National Park,"jun 30,2017",5,148,4.99,Mississppi,USA,38,F,Married,Engg,Giant Forests,Summer
Sequoia National Park,"Aug 15,2017",5,15,4.99,New Jersey,USA,38,F,Single,Engg,Giant Forests,Summer
Sequoia National Park,"july 5,2017",5,15,4.99,California,USA,38,M,Single,Engg,Giant Forests,Summer
Sequoia National Park,"jun 15,2017",5,148,4.99,kansas,USA,38,M,Married,Engg,Giant Forests,Summer
Kings Canyon National Park,"Aug 15,2017",5,148,4.99,Mississppi,USA,38,M,Married,Engg,Giant Forests,Summer
Kings Canyon National Park,"Aug 22,2017",5,148,4.99,california,USA,38,M,married,Engg,Giant Forests,Summer
Kings Canyon National Park,"Aug 16,2016",5,148,4.99,oregon,USA,38,M,Married,Engg,Giant Forests,Summer
Kings Canyon National Park,"Aug ,2017",5,15,4.99,New Jersey,USA,38,F,Single,Engg,Giant Forests,Summer
Kings Canyon National Park,"july 16,2017",5,15,4.99,Michigan,USA,38,M,Single,Engg,Giant Forests,Summer
"Shenandoah National Park, Virginia","july 30,2017",5,39,4.99,Ohio,USA,38,F,Married,Engg,Old Rag Mountain Hike,Summer
"Shenandoah National Park, Virginia","jun 11,2017",5,39,4.99,New Jersey,USA,38,F,Married,Engg,Old Rag Mountain Hike,Summer
"Shenandoah National Park, Virginia","Aug 12,2017",5,39,4.99,Maryland,USA,38,F,Married,Engg,Old Rag Mountain Hike,Summer
"Shenandoah National Park, Virginia","Aug 27,2017",5,30,4.99,virginia,USA,38,M,Single,Engg,Old Rag Mountain Hike,Summer
"Shenandoah National Park, Virginia","jun 1,2017",4.5,30,4.5,Louisiana,USA,38,M,Single,Engg,Old Rag Mountain Hike,Summer
"Grand Teton National Park, Wyoming","Aug 17,2017",5,342,4.99,Arizona,USA,38,F,Married,Engg,Grand Teton,Summer
"Grand Teton National Park, Wyoming","Aug 12,2017",4.5,342,4.5,New Jersey,USA,38,M,Married,Engg,Grand Teton,Summer
"Grand Teton National Park, Wyoming","Aug 5,2017",5,342,4.99,colorado,USA,38,F,Married,Engg,Grand Teton,Summer
"Grand Teton National Park, Wyoming","july 26,2017",5,342,4.99,connecticut,USA,38,M,Married,Engg,Grand Teton,Summer
"Grand Teton National Park, Wyoming","Aug 3,2016",3,31,4.99,florida,USA,38,M,Single,Engg,Grand Teton,Summer
Apostle Islands National Lakeshore,"Aug 21,2017",5,44,4.99,wisconsin,USA,38,M,Married,Engg,Apostle Isla,Summer
Apostle Islands National Lakeshore,"Aug 6,2017",5,44,4.99,Illinois,USA,38,M,Married,Engg,Apostle Isla,Summer
Apostle Islands National Lakeshore,"july 28,2017",3,44,2.99,ohio,USA,38,F,Married,Engg,Apostle Isla,Summer
Apostle Islands National Lakeshore,"Aug 28,2917",5,14,4.99,Minnessotta,USA,38,M,Single,Engg,Apostle Isla,Summer
Apostle Islands National Lakeshore,"jul 3,2017",5,14,4.99,Michigan,USA,38,F,Single,Engg,Apostle Isla,Summer
Zion National Park,"Aug 16,2017",5,340,4.99,New York,USA,38,M,married,Engg,Narrows,Summer
Zion National Park,"Aug 18,2017",5,340,4.99,Texas,USA,38,F,Married,Engg,Narrows,Summer
Zion National Park,"Aug 14,2017",5,340,4.99,california,USA,38,M,Married,Engg,Narrows,Summer
Zion National Park,"july 16,2017",5,194,4.99,georgia,USA,38,F,Single,Engg,Narrows,Summer
Zion National Park,"july 10,2017",5,194,4.99,Texas,USA,38,F,Single,Engg,Narrows,Summer
"Greaty Smoky Mountains National Park, North Carolina and Tenneesse","Aug 14,2017",5,306,4.99,Michigan,USA,38,F,Married,Engg,Cades cove,Summer
"Greaty Smoky Mountains National Park, North Carolina and Tenneesse","Aug 12,2017",5,306,4.99,North Carolina,USA,38,F,Married,Engg,Cades cove,Summer
"Greaty Smoky Mountains National Park, North Carolina and Tenneesse","Aug 10,2017",5,306,4.99,Michigan,USA,38,F,Married,Engg,Cades cove,Summer
"Greaty Smoky Mountains National Park, North Carolina and Tenneesse","Jun 27,2017",5,116,4.99,New Hampshire,USA,38,M,Single,Engg,Cades cove,Summer
"Greaty Smoky Mountains National Park, North Carolina and Tenneesse","jun 19,2017",5,116,4.99,North Carolina,USA,38,M,Single,Engg,Cades cove,Summer